[
{
    "model": "cars.car",
    "pk": 1,
    "fields": {
        "car_title": "Ferrari 488 GTB",
        "state": "FL",
        "city": "Austin",
        "color": "White",
        "model": "i 488 GTB",
        "year": 2017,
        "condition": "Used",
        "price": 4000,
        "description": "<p>&nbsp;<strong>Ferrari 488 GTB</strong>&nbsp;(sigla di progetto&nbsp;<em>F142M</em>) &egrave; un&#39;autovettura sportiva prodotta dalla&nbsp;<a href=\"https://it.wikipedia.org/wiki/Casa_automobilistica\" title=\"Casa automobilistica\">casa automobilistica</a>&nbsp;<a href=\"https://it.wikipedia.org/wiki/Italia\" title=\"Italia\">italiana</a>&nbsp;<a href=\"https://it.wikipedia.org/wiki/Ferrari\" title=\"Ferrari\">Ferrari</a>&nbsp;a partire dal&nbsp;<a href=\"https://it.wikipedia.org/wiki/2015\" title=\"2015\">2015</a>&nbsp;come erede della&nbsp;<a href=\"https://it.wikipedia.org/wiki/Ferrari_458\" title=\"Ferrari 458\">Ferrari 458</a>.<a href=\"https://it.wikipedia.org/wiki/Ferrari_488_GTB#cite_note-1\">[1]</a>&nbsp;Viene sostituita nel 2019 dalla sua evoluzione: la&nbsp;<a href=\"https://it.wikipedia.org/wiki/Ferrari_F8_Tributo\" title=\"Ferrari F8 Tributo\">Ferrari F8 Tributo</a>.</p>",
        "car_photo": "photos/2022/12/03/1902536891.jpg",
        "car_photo_1": "photos/2022/12/03/1902536917.jpg",
        "car_photo_2": "photos/2022/12/03/1902537043.jpg",
        "car_photo_3": "photos/2022/12/03/1902537077.jpg",
        "car_photo_4": "photos/2022/12/03/1902537082.jpg",
        "features": "Cruise Control,Audio Interface,Airbags,Alarm System,ParkAssist,Reversing Camera,Bluetooth Handset",
        "body_style": "Sport",
        "engine": "3.0 Mid engine V6",
        "transmission": "Automatic",
        "interior": "Grey",
        "miles": 10000,
        "doors": "3",
        "passengers": 2,
        "vin_no": "mrn576yudww",
        "milage": 5,
        "fuel_type": "Petrol",
        "no_of_owners": "1",
        "is_featured": true,
        "created_date": "2005-12-03T10:32:39Z"
    }
},
{
    "model": "cars.car",
    "pk": 2,
    "fields": {
        "car_title": "2017 Ford Edge",
        "state": "HI",
        "city": "Dallas",
        "color": "Black",
        "model": "Ford Edge",
        "year": 2016,
        "condition": "Used",
        "price": 25000,
        "description": "<p>La&nbsp;<strong>Ford</strong>&nbsp;<strong>Edge</strong>&nbsp;&egrave; un&nbsp;<a href=\"https://it.wikipedia.org/wiki/Crossover_SUV\" title=\"Crossover SUV\">crossover SUV</a>&nbsp;di categoria&nbsp;<a href=\"https://it.wikipedia.org/wiki/Vetture_Mid-Size\" title=\"Vetture Mid-Size\">mid-size</a>&nbsp;prodotto dalla&nbsp;<a href=\"https://it.wikipedia.org/wiki/Casa_automobilistica\" title=\"Casa automobilistica\">casa automobilistica</a>&nbsp;<a href=\"https://it.wikipedia.org/wiki/Stati_Uniti_d%27America\" title=\"Stati Uniti d'America\">statunitense</a>&nbsp;<a href=\"https://it.wikipedia.org/wiki/Ford\" title=\"Ford\">Ford</a>&nbsp;dal&nbsp;<a href=\"https://it.wikipedia.org/wiki/2006\" title=\"2006\">2006</a>. Nel 2015 &egrave; arrivata la nuova generazione, che &egrave; stata venduta anche in Europa fino al&nbsp;<a href=\"https://it.wikipedia.org/wiki/2020\" title=\"2020\">2020</a>.</p>",
        "car_photo": "photos/2022/12/03/1901478607.jpg",
        "car_photo_1": "photos/2022/12/03/1901478618.jpg",
        "car_photo_2": "photos/2022/12/03/1901478646.jpg",
        "car_photo_3": "photos/2022/12/03/1901478672.jpg",
        "car_photo_4": "photos/2022/12/03/1901478687.jpg",
        "features": "Airbags,Air Conditioning,Seat Heating,Alarm System,ParkAssist,Power Steering",
        "body_style": "Suv",
        "engine": "3.0 Mid engine V7",
        "transmission": "Automatic",
        "interior": "Grey",
        "miles": 5000,
        "doors": "5",
        "passengers": 5,
        "vin_no": "mrn576yudw76",
        "milage": 8,
        "fuel_type": "Petrol",
        "no_of_owners": "2",
        "is_featured": false,
        "created_date": "2022-12-03T12:34:58Z"
    }
},
{
    "model": "cars.car",
    "pk": 3,
    "fields": {
        "car_title": "2017 Ford F-250 Super",
        "state": "ME",
        "city": "New York",
        "color": "Black",
        "model": "Ford F-250 Super Duty",
        "year": 2019,
        "condition": "Used",
        "price": 100,
        "description": "<p>Il modello pi&ugrave; popolare della serie &egrave; l&#39;<em>F-150</em>. L&#39;F-Series &egrave; stato il veicolo pi&ugrave; venduto degli Stati Uniti per 24 anni, il pick-up pi&ugrave; commercializzato per 34 anni<a href=\"https://it.wikipedia.org/wiki/Ford_F-Series#cite_note-1\">[1]</a>&nbsp;ed il modello pi&ugrave; venduto in Canada<a href=\"https://it.wikipedia.org/wiki/Ford_F-Series#cite_note-2\">[2]</a>, anche se per quest&#39;ultimo primato non vengono presi in considerazione i dati complessivi dei pick-up&nbsp;<a href=\"https://it.wikipedia.org/wiki/General_Motors\" title=\"General Motors\">General Motors</a><a href=\"https://it.wikipedia.org/wiki/Ford_F-Series#cite_note-3\">[3]</a>.&nbsp;</p>",
        "car_photo": "photos/2022/12/03/1894300894_olDbMhW.jpg",
        "car_photo_1": "photos/2022/12/03/1894300905_21Qsk4T.jpg",
        "car_photo_2": "photos/2022/12/03/1894300920_bCFhfEA.jpg",
        "car_photo_3": "photos/2022/12/03/1900155012_M4scpqX.jpg",
        "car_photo_4": "photos/2022/12/03/1900155133_0fdYcb9.jpg",
        "features": "Cruise Control,ParkAssist,Wind Deflector,Bluetooth Handset",
        "body_style": "Suv",
        "engine": "3.0 Mid v12",
        "transmission": "Manual",
        "interior": "Black",
        "miles": 15,
        "doors": "4",
        "passengers": 4,
        "vin_no": "mrn576y",
        "milage": 11,
        "fuel_type": "Petrol",
        "no_of_owners": "2",
        "is_featured": false,
        "created_date": "2022-12-03T12:52:38Z"
    }
},
{
    "model": "cars.car",
    "pk": 4,
    "fields": {
        "car_title": "Jaguar F-PACE",
        "state": "IN",
        "city": "Austin",
        "color": "Black",
        "model": "Jaguar F-PACE",
        "year": 2017,
        "condition": "Used",
        "price": 2500,
        "description": "<p>Jaguar F-Pace (nome in codice &quot;X761&quot;) &egrave; un&nbsp;<strong>SUV compatto di lusso prodotto dalla casa automobilistica inglese Jaguar dal 2016</strong>, ed &egrave; inoltre il primo modello di serie ad essere costruita dalla Jaguar nella classe dei SUV.</p>",
        "car_photo": "photos/2022/12/03/1902932503_kt1ICHk.jpg",
        "car_photo_1": "photos/2022/12/03/1902932514_3LgUhRX.jpg",
        "car_photo_2": "photos/2022/12/03/1902932528_h0RncoP.jpg",
        "car_photo_3": "photos/2022/12/03/1902932542_CGBWofI.jpg",
        "car_photo_4": "photos/2022/12/04/1900893391.jpg",
        "features": "Cruise Control,Airbags,Seat Heating,Alarm System,ParkAssist,Wind Deflector,Bluetooth Handset",
        "body_style": "Sport",
        "engine": "3.0 Mid",
        "transmission": "Automatic",
        "interior": "Black",
        "miles": 42,
        "doors": "3",
        "passengers": 4,
        "vin_no": "mrn5",
        "milage": 2,
        "fuel_type": "Petrol",
        "no_of_owners": "2",
        "is_featured": true,
        "created_date": "2022-12-03T12:59:48Z"
    }
},
{
    "model": "cars.car",
    "pk": 5,
    "fields": {
        "car_title": "Toyota 4Runner",
        "state": "ME",
        "city": "Los Angeles",
        "color": "White",
        "model": "Toyota 4Runner",
        "year": 2017,
        "condition": "Used",
        "price": 2500,
        "description": "<p>La Toyota 4Runner &egrave; un&nbsp;<strong>SUV di fascia media prodotta dalla casa automobilistica giapponese Toyota dal 1983</strong>. In Giappone, &egrave; chiamata Toyota Hilux Surf ed &egrave; stata venduta fino al 2009. La vettura &egrave; stata prodotta in cinque generazioni.</p>",
        "car_photo": "photos/2022/12/03/1893633875_YZaMEOJ.jpg",
        "car_photo_1": "photos/2022/12/03/1893633879_DmNvtVN.jpg",
        "car_photo_2": "photos/2022/12/03/1893633884_XDQZt7f.jpg",
        "car_photo_3": "photos/2022/12/03/1896836883_FMEqIj1.jpg",
        "car_photo_4": "photos/2022/12/03/1896836887_HUsKCKA.jpg",
        "features": "Audio Interface,Airbags,Power Steering,Reversing Camera",
        "body_style": "Suv",
        "engine": "3.0 Mid engine V7",
        "transmission": "Automatic",
        "interior": "Black",
        "miles": 2,
        "doors": "4",
        "passengers": 6,
        "vin_no": "mrn576yudw76",
        "milage": 3,
        "fuel_type": "Petrol",
        "no_of_owners": "1",
        "is_featured": true,
        "created_date": "2022-12-03T13:04:01Z"
    }
},
{
    "model": "cars.car",
    "pk": 6,
    "fields": {
        "car_title": "Toyota Corolla",
        "state": "IA",
        "city": "Los Angeles",
        "color": "Black",
        "model": "Toyota Corolla",
        "year": 2018,
        "condition": "Used",
        "price": 1400,
        "description": "<p>La&nbsp;<strong>Toyota Corolla</strong>&nbsp;&egrave; una&nbsp;<a href=\"https://it.wikipedia.org/wiki/Autovettura\" title=\"Autovettura\">autovettura</a>&nbsp;media prodotta dalla&nbsp;<a href=\"https://it.wikipedia.org/wiki/Toyota\" title=\"Toyota\">Toyota</a>&nbsp;dal&nbsp;<a href=\"https://it.wikipedia.org/wiki/1966\" title=\"1966\">1966</a>&nbsp;in diverse versioni. Dal&nbsp;<a href=\"https://it.wikipedia.org/wiki/1997\" title=\"1997\">1997</a>&nbsp;&egrave; considerata l&#39;auto pi&ugrave; venduta di tutti i tempi e la prima automobile ad aver superato la soglia delle 30 milioni di unit&agrave; prodotte.&nbsp;Secondo alcune statistiche ogni 40&nbsp;<a href=\"https://it.wikipedia.org/wiki/Secondi\" title=\"Secondi\">secondi</a>&nbsp;nel mondo si venderebbe una Toyota Corolla.[<em><a href=\"https://it.wikipedia.org/wiki/Wikipedia:Uso_delle_fonti\" title=\"Wikipedia:Uso delle fonti\">senza&nbsp;fonte</a></em>]&nbsp;Il codice che all&#39;interno della casa identifica il telaio Corolla &egrave;&nbsp;<em>B</em>.</p>",
        "car_photo": "photos/2022/12/03/1900893299.jpg",
        "car_photo_1": "photos/2022/12/03/1900893311.jpg",
        "car_photo_2": "photos/2022/12/03/1900893319.jpg",
        "car_photo_3": "photos/2022/12/03/1900893329.jpg",
        "car_photo_4": "photos/2022/12/06/1900893391.jpg",
        "features": "Cruise Control,Air Conditioning,Alarm System,Direct Fuel Injection",
        "body_style": "Suv",
        "engine": "3.0 Mid v12",
        "transmission": "Automatic",
        "interior": "Black",
        "miles": 15000,
        "doors": "5",
        "passengers": 5,
        "vin_no": "mrn576y",
        "milage": 5,
        "fuel_type": "Petrol",
        "no_of_owners": "1",
        "is_featured": true,
        "created_date": "2022-12-03T13:05:41Z"
    }
},
{
    "model": "cars.car",
    "pk": 7,
    "fields": {
        "car_title": "Porsche 718 Boxster",
        "state": "AK",
        "city": "New York",
        "color": "White",
        "model": "Porsche 718 Boxster",
        "year": 2006,
        "condition": "Used",
        "price": 25000,
        "description": "<p>Sin dal&nbsp;<a href=\"https://it.wikipedia.org/wiki/1991\" title=\"1991\">1991</a>&nbsp;il responsabile della Ricerca &amp; Sviluppo Porsche, Horst Marchart, ritenne che fosse arrivato il momento di realizzare un modello sportivo di accesso alla gamma della Casa tedesca, che condividesse il maggior numero possibile di componenti con la futura&nbsp;<a href=\"https://it.wikipedia.org/wiki/Porsche_996\" title=\"Porsche 996\">Porsche 911 996</a>.</p>",
        "car_photo": "photos/2022/12/06/porshe.png",
        "car_photo_1": "photos/2022/12/06/1901478618_R8rXboS.jpg",
        "car_photo_2": "photos/2022/12/06/1901478687_Z8nA4uS.jpg",
        "car_photo_3": "photos/2022/12/06/1901478646_Uyz14DF.jpg",
        "car_photo_4": "photos/2022/12/06/1901478687_DZndaKt.jpg",
        "features": "Audio Interface,ParkAssist",
        "body_style": "Suv",
        "engine": "3.0 Mid engine V12",
        "transmission": "Automatic",
        "interior": "Black",
        "miles": 1000,
        "doors": "3",
        "passengers": 4,
        "vin_no": "mrn576y",
        "milage": 4,
        "fuel_type": "Petrol",
        "no_of_owners": "2",
        "is_featured": true,
        "created_date": "2022-12-06T15:15:44Z"
    }
},
{
    "model": "cars.car",
    "pk": 8,
    "fields": {
        "car_title": "Mini Cooper S",
        "state": "AK",
        "city": "Los Angeles",
        "color": "Yellow",
        "model": "Ford Edge",
        "year": 2016,
        "condition": "Used",
        "price": 10000,
        "description": "<p>Da sempre, le piccole utilitarie sportive sono state in grado di emozionare i cuori degli appassionati di motori. Al fianco delle mitiche sportive da centinaia di cavalli, infatti, hanno sempre trovato posto le cosiddette Hot Hatch, piccole bombette che sotto una carrozzeria da vetture tranquille da citt&agrave; sono in grado di nascondere motori potenti, assetti da urlo e un piacere di guida assoluto. Per molti, la prima Hot Hatch di sempre &egrave; stata MINI Cooper: nata nel 1961, la piccola MINI elaborata dalla Scuderia di Formula 1 Cooper dimostr&ograve; come una piccola utilitaria poteva andare pi&ugrave; forte delle sportive pure. Dopo le tre vittorie al Rally di Montecarlo nel 1964, 1966 e 1967, MINI Cooper e la sua versione pi&ugrave; estrema MINI Cooper S diventarono tra le auto pi&ugrave; desiderate d&rsquo;Europa</p>",
        "car_photo": "photos/2022/12/06/mini-cooper-s-l-02-1100.png",
        "car_photo_1": "photos/2022/12/06/mini-cooper-s-l-01-1100.png",
        "car_photo_2": "photos/2022/12/06/1901478646.jpg",
        "car_photo_3": "photos/2022/12/06/1901478687.jpg",
        "car_photo_4": "photos/2022/12/06/1901478618.jpg",
        "features": "Cruise Control,ParkAssist,Bluetooth Handset",
        "body_style": "Suv",
        "engine": "3.0 Mid v12",
        "transmission": "Manual",
        "interior": "Black",
        "miles": 1355,
        "doors": "3",
        "passengers": 4,
        "vin_no": "mrn576yudw76rre",
        "milage": 45,
        "fuel_type": "Petrol",
        "no_of_owners": "2",
        "is_featured": true,
        "created_date": "2022-12-06T15:29:58Z"
    }
},
{
    "model": "pages.team",
    "pk": 2,
    "fields": {
        "first_name": "Martin",
        "last_name": "Smith",
        "designation": "Founder",
        "photo": "photos/2022/11/30/avatar-11_W4evIzJ.jpg",
        "facebook_link": "https://facebook.com",
        "twitter_link": "https://twitter.com",
        "google_plus_link": "https://google.com",
        "created_date": "2022-11-30T14:07:38.031Z"
    }
},
{
    "model": "pages.team",
    "pk": 3,
    "fields": {
        "first_name": "Stone",
        "last_name": "Carolyn",
        "designation": "Creative Director",
        "photo": "photos/2022/11/30/avatar-9.jpg",
        "facebook_link": "https://facebook.com",
        "twitter_link": "https://twitter.com",
        "google_plus_link": "https://google.com",
        "created_date": "2022-11-30T14:09:20.672Z"
    }
},
{
    "model": "pages.team",
    "pk": 4,
    "fields": {
        "first_name": "Brandon",
        "last_name": "Miller",
        "designation": "Co-founder",
        "photo": "photos/2022/11/30/avatar-1.jpg",
        "facebook_link": "https://facebook.com",
        "twitter_link": "https://twitter.com",
        "google_plus_link": "https://google.com",
        "created_date": "2022-11-30T14:10:50.830Z"
    }
},
{
    "model": "pages.team",
    "pk": 5,
    "fields": {
        "first_name": "John",
        "last_name": "Doe",
        "designation": "CEO",
        "photo": "photos/2022/11/30/avatar-12.jpg",
        "facebook_link": "http://facebook.com",
        "twitter_link": "http://twitter.com",
        "google_plus_link": "http://google.com",
        "created_date": "2022-11-30T14:12:13.108Z"
    }
},
{
    "model": "pages.team",
    "pk": 6,
    "fields": {
        "first_name": "Michelle",
        "last_name": "Nelson",
        "designation": "Support Manager",
        "photo": "photos/2022/11/30/avatar-10.jpg",
        "facebook_link": "https://facebook.com",
        "twitter_link": "https://twitter.com",
        "google_plus_link": "https://google.com",
        "created_date": "2022-11-30T14:13:23.916Z"
    }
},
{
    "model": "contacts.contact",
    "pk": 1,
    "fields": {
        "first_name": "Antonio ",
        "last_name": "Marino",
        "car_id": 7,
        "customer_need": "I'm interested in this",
        "car_title": "Porsche 718 Boxster",
        "city": "Austin",
        "state": "italy",
        "email": "room4747@yahoo.it",
        "phone": "88888888",
        "message": "ecco",
        "user_id": 0,
        "create_date": "2022-12-11T16:20:29.205Z"
    }
},
{
    "model": "contacts.contact",
    "pk": 2,
    "fields": {
        "first_name": "Antonio ",
        "last_name": "Marino",
        "car_id": 8,
        "customer_need": "I'm interested in this",
        "car_title": "Mini Cooper S",
        "city": "Austin",
        "state": "italy",
        "email": "room4747@yahoo.it",
        "phone": "88888888",
        "message": "ecccc",
        "user_id": 0,
        "create_date": "2022-12-11T16:20:56.932Z"
    }
},
{
    "model": "contacts.contact",
    "pk": 3,
    "fields": {
        "first_name": "Antonio ",
        "last_name": "Marino",
        "car_id": 8,
        "customer_need": "I'm interested in this",
        "car_title": "Mini Cooper S",
        "city": "Austin",
        "state": "italy",
        "email": "room4747@yahoo.it",
        "phone": "88888888",
        "message": "eccc",
        "user_id": 0,
        "create_date": "2022-12-11T16:22:52.756Z"
    }
},
{
    "model": "contacts.contact",
    "pk": 4,
    "fields": {
        "first_name": "Antonio ",
        "last_name": "Marino",
        "car_id": 8,
        "customer_need": "I'm interested in this",
        "car_title": "Mini Cooper S",
        "city": "Austin",
        "state": "italy",
        "email": "room4747@yahoo.it",
        "phone": "88888888",
        "message": "eccc",
        "user_id": 0,
        "create_date": "2022-12-11T16:24:54.900Z"
    }
},
{
    "model": "contacts.contact",
    "pk": 5,
    "fields": {
        "first_name": "Antonio ",
        "last_name": "Cumar",
        "car_id": 5,
        "customer_need": "I'd like a history report for this",
        "car_title": "Toyota 4Runner",
        "city": "Austin",
        "state": "italy",
        "email": "marino.ant@yahoo.com",
        "phone": "88888888",
        "message": "eccc",
        "user_id": 0,
        "create_date": "2022-12-11T16:29:07.589Z"
    }
},
{
    "model": "contacts.contact",
    "pk": 6,
    "fields": {
        "first_name": "Antonio ",
        "last_name": "Marino",
        "car_id": 6,
        "customer_need": "I'm interested in this",
        "car_title": "Toyota Corolla",
        "city": "Austin",
        "state": "italy",
        "email": "room4747@yahoo.it",
        "phone": "88888888",
        "message": "AAAA",
        "user_id": 0,
        "create_date": "2022-12-11T16:32:44.648Z"
    }
},
{
    "model": "contacts.contact",
    "pk": 7,
    "fields": {
        "first_name": "Antonio ",
        "last_name": "Marino",
        "car_id": 6,
        "customer_need": "I'm interested in this",
        "car_title": "Toyota Corolla",
        "city": "Austin",
        "state": "italy",
        "email": "room4747@yahoo.it",
        "phone": "88888888",
        "message": "eee",
        "user_id": 0,
        "create_date": "2022-12-11T16:36:41.599Z"
    }
},
{
    "model": "contacts.contact",
    "pk": 8,
    "fields": {
        "first_name": "Antonio ",
        "last_name": "Marino",
        "car_id": 7,
        "customer_need": "I'm interested in this",
        "car_title": "Porsche 718 Boxster",
        "city": "Austin",
        "state": "italy",
        "email": "room4747@yahoo.it",
        "phone": "88888888",
        "message": "fff",
        "user_id": 0,
        "create_date": "2022-12-11T16:39:54.869Z"
    }
},
{
    "model": "contacts.contact",
    "pk": 9,
    "fields": {
        "first_name": "Antonio ",
        "last_name": "Marino",
        "car_id": 7,
        "customer_need": "I'm interested in this",
        "car_title": "Porsche 718 Boxster",
        "city": "Austin",
        "state": "italy",
        "email": "room4747@yahoo.it",
        "phone": "88888888",
        "message": "fff",
        "user_id": 0,
        "create_date": "2022-12-11T16:41:47.607Z"
    }
},
{
    "model": "contacts.contact",
    "pk": 10,
    "fields": {
        "first_name": "Antonio ",
        "last_name": "Marino",
        "car_id": 7,
        "customer_need": "I'm interested in this",
        "car_title": "Porsche 718 Boxster",
        "city": "Austin",
        "state": "italy",
        "email": "room4747@yahoo.it",
        "phone": "88888888",
        "message": "vvv",
        "user_id": 0,
        "create_date": "2022-12-11T16:44:00.727Z"
    }
},
{
    "model": "contacts.contact",
    "pk": 11,
    "fields": {
        "first_name": "uyy",
        "last_name": "Cumar",
        "car_id": 7,
        "customer_need": "I'm interested in this",
        "car_title": "Porsche 718 Boxster",
        "city": "New York",
        "state": "italy",
        "email": "room4747@yahoo.it",
        "phone": "88888888d",
        "message": "ooooo",
        "user_id": 0,
        "create_date": "2022-12-11T16:45:31.924Z"
    }
},
{
    "model": "contacts.contact",
    "pk": 12,
    "fields": {
        "first_name": "Antonio ",
        "last_name": "Marino",
        "car_id": 8,
        "customer_need": "I'd like to know your best price for this",
        "car_title": "Mini Cooper S",
        "city": "Austin",
        "state": "italy",
        "email": "room4747@yahoo.it",
        "phone": "88888888",
        "message": "gggg",
        "user_id": 0,
        "create_date": "2022-12-11T16:50:16.007Z"
    }
},
{
    "model": "contacts.contact",
    "pk": 13,
    "fields": {
        "first_name": "Antonio ",
        "last_name": "Marino",
        "car_id": 7,
        "customer_need": "I'm interested in this",
        "car_title": "Porsche 718 Boxster",
        "city": "Austin",
        "state": "italy",
        "email": "room4747@yahoo.it",
        "phone": "88888888",
        "message": "hhhh",
        "user_id": 0,
        "create_date": "2022-12-11T16:51:20.231Z"
    }
},
{
    "model": "contacts.contact",
    "pk": 14,
    "fields": {
        "first_name": "Antonio ",
        "last_name": "Marino",
        "car_id": 7,
        "customer_need": "I'm interested in this",
        "car_title": "Porsche 718 Boxster",
        "city": "Austin",
        "state": "italy",
        "email": "room4747@yahoo.it",
        "phone": "88888888",
        "message": "tyty",
        "user_id": 0,
        "create_date": "2022-12-11T16:52:22.406Z"
    }
},
{
    "model": "contacts.contact",
    "pk": 15,
    "fields": {
        "first_name": "Antonio ",
        "last_name": "Marino",
        "car_id": 7,
        "customer_need": "I'm interested in this",
        "car_title": "Porsche 718 Boxster",
        "city": "Austin",
        "state": "italy",
        "email": "room4747@yahoo.it",
        "phone": "88888888",
        "message": "uuuu",
        "user_id": 0,
        "create_date": "2022-12-11T16:55:53.767Z"
    }
},
{
    "model": "contacts.contact",
    "pk": 16,
    "fields": {
        "first_name": "Antonio ",
        "last_name": "Marino",
        "car_id": 7,
        "customer_need": "I'm interested in this",
        "car_title": "Porsche 718 Boxster",
        "city": "Austin",
        "state": "italy",
        "email": "marco@yahoo.com",
        "phone": "88888888",
        "message": "ecccp",
        "user_id": 0,
        "create_date": "2022-12-11T17:03:59.910Z"
    }
},
{
    "model": "contacts.contact",
    "pk": 17,
    "fields": {
        "first_name": "Antonio ",
        "last_name": "Marino",
        "car_id": 7,
        "customer_need": "I'm interested in this",
        "car_title": "Porsche 718 Boxster",
        "city": "Austin",
        "state": "italy",
        "email": "marco@yahoo.com",
        "phone": "",
        "message": "reeee",
        "user_id": 0,
        "create_date": "2022-12-12T10:49:25.409Z"
    }
},
{
    "model": "contacts.contact",
    "pk": 18,
    "fields": {
        "first_name": "Antonio ",
        "last_name": "Marino",
        "car_id": 7,
        "customer_need": "I'm interested in this",
        "car_title": "Porsche 718 Boxster",
        "city": "Austin",
        "state": "italy",
        "email": "marco@yahoo.com",
        "phone": "",
        "message": "yyyy",
        "user_id": 0,
        "create_date": "2022-12-12T10:49:52.785Z"
    }
},
{
    "model": "contacts.contact",
    "pk": 19,
    "fields": {
        "first_name": "Antonio ",
        "last_name": "Marino",
        "car_id": 7,
        "customer_need": "I'm interested in this",
        "car_title": "Porsche 718 Boxster",
        "city": "Austin",
        "state": "italy",
        "email": "marco@yahoo.com",
        "phone": "",
        "message": "tttt",
        "user_id": 0,
        "create_date": "2022-12-12T10:51:08.543Z"
    }
},
{
    "model": "contacts.contact",
    "pk": 20,
    "fields": {
        "first_name": "Antonio ",
        "last_name": "Marino",
        "car_id": 7,
        "customer_need": "I'm interested in this",
        "car_title": "Porsche 718 Boxster",
        "city": "Austin",
        "state": "italy",
        "email": "marco@yahoo.com",
        "phone": "",
        "message": "gggg",
        "user_id": 0,
        "create_date": "2022-12-12T11:01:22.980Z"
    }
},
{
    "model": "contacts.contact",
    "pk": 21,
    "fields": {
        "first_name": "Antonio ",
        "last_name": "Cumar",
        "car_id": 5,
        "customer_need": "I'm interested in this",
        "car_title": "Toyota 4Runner",
        "city": "Austin",
        "state": "italy",
        "email": "marino.ant@yahoo.com",
        "phone": "",
        "message": "hhhhh",
        "user_id": 0,
        "create_date": "2022-12-12T11:03:00.062Z"
    }
},
{
    "model": "contacts.contact",
    "pk": 22,
    "fields": {
        "first_name": "Antonio ",
        "last_name": "Cumar",
        "car_id": 7,
        "customer_need": "I'm interested in this",
        "car_title": "Porsche 718 Boxster",
        "city": "Austin",
        "state": "italy",
        "email": "marco@yahoo.com",
        "phone": "88888888",
        "message": "dffff",
        "user_id": 0,
        "create_date": "2022-12-12T11:28:02.364Z"
    }
},
{
    "model": "contacts.contact",
    "pk": 23,
    "fields": {
        "first_name": "Antonio ",
        "last_name": "Cumar",
        "car_id": 7,
        "customer_need": "I'm interested in this",
        "car_title": "Porsche 718 Boxster",
        "city": "Austin",
        "state": "italy",
        "email": "marco@yahoo.com",
        "phone": "88888888",
        "message": "rrrrr",
        "user_id": 0,
        "create_date": "2022-12-12T11:28:24.265Z"
    }
},
{
    "model": "contacts.contact",
    "pk": 24,
    "fields": {
        "first_name": "Antonio ",
        "last_name": "Cumar",
        "car_id": 7,
        "customer_need": "I'm interested in this",
        "car_title": "Porsche 718 Boxster",
        "city": "Austin",
        "state": "italy",
        "email": "marco@yahoo.com",
        "phone": "88888888",
        "message": "xcdd",
        "user_id": 0,
        "create_date": "2022-12-12T11:37:57.391Z"
    }
},
{
    "model": "contacts.contact",
    "pk": 25,
    "fields": {
        "first_name": "Antonio ",
        "last_name": "Cumar",
        "car_id": 7,
        "customer_need": "I'm interested in this",
        "car_title": "Porsche 718 Boxster",
        "city": "Austin",
        "state": "italy",
        "email": "marco@yahoo.com",
        "phone": "88888888",
        "message": "dddd",
        "user_id": 0,
        "create_date": "2022-12-12T11:38:15.392Z"
    }
},
{
    "model": "contacts.contact",
    "pk": 26,
    "fields": {
        "first_name": "Antonio ",
        "last_name": "Marino",
        "car_id": 7,
        "customer_need": "I'm interested in this",
        "car_title": "Porsche 718 Boxster",
        "city": "Austin",
        "state": "italy",
        "email": "marino.ant@yahoo.com",
        "phone": "88888888",
        "message": "gggg",
        "user_id": 0,
        "create_date": "2022-12-12T12:20:23.543Z"
    }
},
{
    "model": "contacts.contact",
    "pk": 27,
    "fields": {
        "first_name": "Antonio ",
        "last_name": "Marino",
        "car_id": 7,
        "customer_need": "I'm interested in this",
        "car_title": "Porsche 718 Boxster",
        "city": "Austin",
        "state": "italy",
        "email": "marino.ant@yahoo.com",
        "phone": "88888888",
        "message": "cc",
        "user_id": 0,
        "create_date": "2022-12-12T12:20:46.125Z"
    }
},
{
    "model": "contacts.contact",
    "pk": 28,
    "fields": {
        "first_name": "Antonio ",
        "last_name": "Marino",
        "car_id": 8,
        "customer_need": "I'm interested in this",
        "car_title": "Mini Cooper S",
        "city": "Austin",
        "state": "italy",
        "email": "marino.ant@yahoo.com",
        "phone": "88888888",
        "message": "xxxxx",
        "user_id": 1,
        "create_date": "2022-12-12T12:25:19.577Z"
    }
},
{
    "model": "contacts.contact",
    "pk": 29,
    "fields": {
        "first_name": "Antonio ",
        "last_name": "Marino",
        "car_id": 7,
        "customer_need": "I'm interested in this",
        "car_title": "Porsche 718 Boxster",
        "city": "Austin",
        "state": "italy",
        "email": "marino.ant@yahoo.com",
        "phone": "frrrr",
        "message": "ffffff",
        "user_id": 1,
        "create_date": "2022-12-12T12:29:47.870Z"
    }
},
{
    "model": "contacts.contact",
    "pk": 30,
    "fields": {
        "first_name": "Antonio ",
        "last_name": "Marino",
        "car_id": 7,
        "customer_need": "I'm interested in this",
        "car_title": "Porsche 718 Boxster",
        "city": "Austin",
        "state": "italy",
        "email": "room4747@yahoo.it",
        "phone": "88888888",
        "message": "dff",
        "user_id": 0,
        "create_date": "2022-12-12T12:37:43.597Z"
    }
},
{
    "model": "auth.user",
    "fields": {
        "password": "pbkdf2_sha256$390000$1fh35JoSrZLrtzO2wHrf2J$v1rthrgZQwwXb9uA+NFUyKiF6cyaGNIGTs+q5sdWKIY=",
        "last_login": "2022-12-12T14:58:11.186Z",
        "is_superuser": true,
        "username": "djangoadmin",
        "first_name": "",
        "last_name": "",
        "email": "marino.ant@yahoo.com",
        "is_staff": true,
        "is_active": true,
        "date_joined": "2022-11-30T10:57:01.456Z",
        "groups": [],
        "user_permissions": []
    }
},
{
    "model": "auth.user",
    "fields": {
        "password": "pbkdf2_sha256$390000$aDDotP1W6qs6vTWvwztp0E$nap7QRvvBWTt1WshzjKoSEUo1MzJfykeY0L5gT9p9gY=",
        "last_login": "2022-12-12T13:54:18.740Z",
        "is_superuser": false,
        "username": "Room47",
        "first_name": "Marco",
        "last_name": "Marchi",
        "email": "marco@yahoo.com",
        "is_staff": false,
        "is_active": true,
        "date_joined": "2022-12-10T12:29:09.503Z",
        "groups": [],
        "user_permissions": []
    }
},
{
    "model": "auth.user",
    "fields": {
        "password": "!0Z64mJXF6FSIBVFwbDdL914h1xTy5zM4xwOAnMPl",
        "last_login": "2022-12-12T11:21:19.987Z",
        "is_superuser": false,
        "username": "oinotna",
        "first_name": "Oinotna",
        "last_name": "Oniram",
        "email": "",
        "is_staff": false,
        "is_active": true,
        "date_joined": "2022-12-10T15:20:50.800Z",
        "groups": [],
        "user_permissions": []
    }
},
{
    "model": "auth.user",
    "fields": {
        "password": "!hQCwl4UvfiJLWSe20VBwtWw06dIP080I9A4kgQdc",
        "last_login": "2022-12-12T12:30:51.509Z",
        "is_superuser": false,
        "username": "antonio",
        "first_name": "Antonio",
        "last_name": "Marino",
        "email": "",
        "is_staff": false,
        "is_active": true,
        "date_joined": "2022-12-11T12:31:06.585Z",
        "groups": [],
        "user_permissions": []
    }
},
{
    "model": "sessions.session",
    "pk": "5artcmlpdz8o7gicojo5cekk3jha514v",
    "fields": {
        "session_data": ".eJxVjDsOwyAQRO9CHaHla2_K9D4DAhaCkwgkY1dR7h5bcpEU08x7M2_m_LYWt_W0uJnYlQl2-e2Cj89UD0APX--Nx1bXZQ78UPhJO58apdftdP8Oiu9lX2sDyposbQoyQRgGlAaiyKMCNLAHQwQZPVgvMGsFBpJFGnXUOhAh-3wBsUU22g:1p4h1r:J2L_VZ8pp0pDmtcTHvVgagyGYhp1oajDwFR3nlqG6sc",
        "expire_date": "2022-12-26T11:31:27.033Z"
    }
},
{
    "model": "sites.site",
    "fields": {
        "domain": "localhost:8000",
        "name": "localhost:8000"
    }
},
{
    "model": "socialaccount.socialapp",
    "pk": 1,
    "fields": {
        "provider": "facebook",
        "name": "Facebook login",
        "client_id": "682064516853590",
        "secret": "5acf526918b5e07c64852340549c10e3",
        "key": "",
        "sites": [
            [
                "localhost:8000"
            ]
        ]
    }
},
{
    "model": "socialaccount.socialapp",
    "pk": 2,
    "fields": {
        "provider": "google",
        "name": "Google login",
        "client_id": "889662614020-ef1krirjkccjmpn56pmrodff9hth0502.apps.googleusercontent.com",
        "secret": "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",
        "key": "",
        "sites": [
            [
                "localhost:8000"
            ]
        ]
    }
},
{
    "model": "socialaccount.socialaccount",
    "pk": 1,
    "fields": {
        "user": [
            "oinotna"
        ],
        "provider": "facebook",
        "uid": "5688248657879287",
        "last_login": "2022-12-12T11:21:19.973Z",
        "date_joined": "2022-12-10T15:20:50.814Z",
        "extra_data": "{\"id\": \"5688248657879287\", \"name\": \"Oinotna Oniram\", \"first_name\": \"Oinotna\", \"last_name\": \"Oniram\"}"
    }
},
{
    "model": "socialaccount.socialaccount",
    "pk": 2,
    "fields": {
        "user": [
            "antonio"
        ],
        "provider": "google",
        "uid": "117307740532707218555",
        "last_login": "2022-12-12T12:30:51.499Z",
        "date_joined": "2022-12-11T12:31:06.628Z",
        "extra_data": "{\"id\": \"117307740532707218555\", \"name\": \"Antonio Marino\", \"given_name\": \"Antonio\", \"family_name\": \"Marino\", \"picture\": \"https://lh3.googleusercontent.com/a/AEdFTp7X_fbNBFiLdfrR6lr8_-Jwbi9ha5XSX6w1wYZo=s96-c\", \"locale\": \"it\"}"
    }
},
{
    "model": "admin.logentry",
    "pk": 1,
    "fields": {
        "action_time": "2022-11-30T12:03:37.382Z",
        "user": [
            "djangoadmin"
        ],
        "content_type": [
            "pages",
            "team"
        ],
        "object_id": "1",
        "object_repr": "Team object (1)",
        "action_flag": 1,
        "change_message": "[{\"added\": {}}]"
    }
},
{
    "model": "admin.logentry",
    "pk": 2,
    "fields": {
        "action_time": "2022-11-30T14:04:27.926Z",
        "user": [
            "djangoadmin"
        ],
        "content_type": [
            "pages",
            "team"
        ],
        "object_id": "1",
        "object_repr": "Antonio",
        "action_flag": 2,
        "change_message": "[{\"changed\": {\"fields\": [\"Photo\"]}}]"
    }
},
{
    "model": "admin.logentry",
    "pk": 3,
    "fields": {
        "action_time": "2022-11-30T14:06:00.430Z",
        "user": [
            "djangoadmin"
        ],
        "content_type": [
            "pages",
            "team"
        ],
        "object_id": "1",
        "object_repr": "Antonio",
        "action_flag": 3,
        "change_message": ""
    }
},
{
    "model": "admin.logentry",
    "pk": 4,
    "fields": {
        "action_time": "2022-11-30T14:07:38.033Z",
        "user": [
            "djangoadmin"
        ],
        "content_type": [
            "pages",
            "team"
        ],
        "object_id": "2",
        "object_repr": "Martin",
        "action_flag": 1,
        "change_message": "[{\"added\": {}}]"
    }
},
{
    "model": "admin.logentry",
    "pk": 5,
    "fields": {
        "action_time": "2022-11-30T14:07:56.647Z",
        "user": [
            "djangoadmin"
        ],
        "content_type": [
            "pages",
            "team"
        ],
        "object_id": "2",
        "object_repr": "Martin",
        "action_flag": 2,
        "change_message": "[]"
    }
},
{
    "model": "admin.logentry",
    "pk": 6,
    "fields": {
        "action_time": "2022-11-30T14:09:20.673Z",
        "user": [
            "djangoadmin"
        ],
        "content_type": [
            "pages",
            "team"
        ],
        "object_id": "3",
        "object_repr": "Stone",
        "action_flag": 1,
        "change_message": "[{\"added\": {}}]"
    }
},
{
    "model": "admin.logentry",
    "pk": 7,
    "fields": {
        "action_time": "2022-11-30T14:10:50.832Z",
        "user": [
            "djangoadmin"
        ],
        "content_type": [
            "pages",
            "team"
        ],
        "object_id": "4",
        "object_repr": "Brandon",
        "action_flag": 1,
        "change_message": "[{\"added\": {}}]"
    }
},
{
    "model": "admin.logentry",
    "pk": 8,
    "fields": {
        "action_time": "2022-11-30T14:12:13.111Z",
        "user": [
            "djangoadmin"
        ],
        "content_type": [
            "pages",
            "team"
        ],
        "object_id": "5",
        "object_repr": "John",
        "action_flag": 1,
        "change_message": "[{\"added\": {}}]"
    }
},
{
    "model": "admin.logentry",
    "pk": 9,
    "fields": {
        "action_time": "2022-11-30T14:13:23.918Z",
        "user": [
            "djangoadmin"
        ],
        "content_type": [
            "pages",
            "team"
        ],
        "object_id": "6",
        "object_repr": "Michelle",
        "action_flag": 1,
        "change_message": "[{\"added\": {}}]"
    }
},
{
    "model": "admin.logentry",
    "pk": 10,
    "fields": {
        "action_time": "2022-11-30T16:12:35.598Z",
        "user": [
            "djangoadmin"
        ],
        "content_type": [
            "pages",
            "team"
        ],
        "object_id": "2",
        "object_repr": "Martin",
        "action_flag": 2,
        "change_message": "[{\"changed\": {\"fields\": [\"Google plus link\"]}}]"
    }
},
{
    "model": "admin.logentry",
    "pk": 11,
    "fields": {
        "action_time": "2022-11-30T16:12:43.495Z",
        "user": [
            "djangoadmin"
        ],
        "content_type": [
            "pages",
            "team"
        ],
        "object_id": "3",
        "object_repr": "Stone",
        "action_flag": 2,
        "change_message": "[{\"changed\": {\"fields\": [\"Google plus link\"]}}]"
    }
},
{
    "model": "admin.logentry",
    "pk": 12,
    "fields": {
        "action_time": "2022-11-30T16:12:52.491Z",
        "user": [
            "djangoadmin"
        ],
        "content_type": [
            "pages",
            "team"
        ],
        "object_id": "4",
        "object_repr": "Brandon",
        "action_flag": 2,
        "change_message": "[{\"changed\": {\"fields\": [\"Google plus link\"]}}]"
    }
},
{
    "model": "admin.logentry",
    "pk": 13,
    "fields": {
        "action_time": "2022-11-30T16:12:59.966Z",
        "user": [
            "djangoadmin"
        ],
        "content_type": [
            "pages",
            "team"
        ],
        "object_id": "5",
        "object_repr": "John",
        "action_flag": 2,
        "change_message": "[{\"changed\": {\"fields\": [\"Google plus link\"]}}]"
    }
},
{
    "model": "admin.logentry",
    "pk": 14,
    "fields": {
        "action_time": "2022-11-30T16:13:06.371Z",
        "user": [
            "djangoadmin"
        ],
        "content_type": [
            "pages",
            "team"
        ],
        "object_id": "6",
        "object_repr": "Michelle",
        "action_flag": 2,
        "change_message": "[{\"changed\": {\"fields\": [\"Google plus link\"]}}]"
    }
},
{
    "model": "admin.logentry",
    "pk": 15,
    "fields": {
        "action_time": "2022-11-30T16:13:44.610Z",
        "user": [
            "djangoadmin"
        ],
        "content_type": [
            "pages",
            "team"
        ],
        "object_id": "2",
        "object_repr": "Martin",
        "action_flag": 2,
        "change_message": "[{\"changed\": {\"fields\": [\"Google plus link\"]}}]"
    }
},
{
    "model": "admin.logentry",
    "pk": 16,
    "fields": {
        "action_time": "2022-11-30T16:13:53.526Z",
        "user": [
            "djangoadmin"
        ],
        "content_type": [
            "pages",
            "team"
        ],
        "object_id": "3",
        "object_repr": "Stone",
        "action_flag": 2,
        "change_message": "[{\"changed\": {\"fields\": [\"Google plus link\"]}}]"
    }
},
{
    "model": "admin.logentry",
    "pk": 17,
    "fields": {
        "action_time": "2022-11-30T16:13:59.777Z",
        "user": [
            "djangoadmin"
        ],
        "content_type": [
            "pages",
            "team"
        ],
        "object_id": "4",
        "object_repr": "Brandon",
        "action_flag": 2,
        "change_message": "[{\"changed\": {\"fields\": [\"Google plus link\"]}}]"
    }
},
{
    "model": "admin.logentry",
    "pk": 18,
    "fields": {
        "action_time": "2022-11-30T16:14:07.274Z",
        "user": [
            "djangoadmin"
        ],
        "content_type": [
            "pages",
            "team"
        ],
        "object_id": "5",
        "object_repr": "John",
        "action_flag": 2,
        "change_message": "[{\"changed\": {\"fields\": [\"Google plus link\"]}}]"
    }
},
{
    "model": "admin.logentry",
    "pk": 19,
    "fields": {
        "action_time": "2022-11-30T16:14:14.035Z",
        "user": [
            "djangoadmin"
        ],
        "content_type": [
            "pages",
            "team"
        ],
        "object_id": "6",
        "object_repr": "Michelle",
        "action_flag": 2,
        "change_message": "[{\"changed\": {\"fields\": [\"Google plus link\"]}}]"
    }
},
{
    "model": "admin.logentry",
    "pk": 20,
    "fields": {
        "action_time": "2022-12-03T09:46:16.854Z",
        "user": [
            "djangoadmin"
        ],
        "content_type": [
            "cars",
            "car"
        ],
        "object_id": "1",
        "object_repr": "Ferrari 488 GTB",
        "action_flag": 1,
        "change_message": "[{\"added\": {}}]"
    }
},
{
    "model": "admin.logentry",
    "pk": 21,
    "fields": {
        "action_time": "2022-12-03T09:46:58.238Z",
        "user": [
            "djangoadmin"
        ],
        "content_type": [
            "cars",
            "car"
        ],
        "object_id": "1",
        "object_repr": "Ferrari 488 GTB",
        "action_flag": 2,
        "change_message": "[{\"changed\": {\"fields\": [\"Features\"]}}]"
    }
},
{
    "model": "admin.logentry",
    "pk": 22,
    "fields": {
        "action_time": "2022-12-03T11:40:53.585Z",
        "user": [
            "djangoadmin"
        ],
        "content_type": [
            "cars",
            "car"
        ],
        "object_id": "2",
        "object_repr": "2017 Ford Edge",
        "action_flag": 1,
        "change_message": "[{\"added\": {}}]"
    }
},
{
    "model": "admin.logentry",
    "pk": 23,
    "fields": {
        "action_time": "2022-12-03T11:54:06.631Z",
        "user": [
            "djangoadmin"
        ],
        "content_type": [
            "cars",
            "car"
        ],
        "object_id": "3",
        "object_repr": "2017 Ford F-250 Super",
        "action_flag": 1,
        "change_message": "[{\"added\": {}}]"
    }
},
{
    "model": "admin.logentry",
    "pk": 24,
    "fields": {
        "action_time": "2022-12-03T11:54:40.410Z",
        "user": [
            "djangoadmin"
        ],
        "content_type": [
            "cars",
            "car"
        ],
        "object_id": "3",
        "object_repr": "2017 Ford F-250 Super",
        "action_flag": 2,
        "change_message": "[{\"changed\": {\"fields\": [\"Car photo 1\", \"Car photo 2\", \"Car photo 3\", \"Car photo 4\"]}}]"
    }
},
{
    "model": "admin.logentry",
    "pk": 25,
    "fields": {
        "action_time": "2022-12-03T12:00:09.707Z",
        "user": [
            "djangoadmin"
        ],
        "content_type": [
            "cars",
            "car"
        ],
        "object_id": "4",
        "object_repr": "Jaguar F-PACE",
        "action_flag": 1,
        "change_message": "[{\"added\": {}}]"
    }
},
{
    "model": "admin.logentry",
    "pk": 26,
    "fields": {
        "action_time": "2022-12-03T12:00:38.110Z",
        "user": [
            "djangoadmin"
        ],
        "content_type": [
            "cars",
            "car"
        ],
        "object_id": "4",
        "object_repr": "Jaguar F-PACE",
        "action_flag": 2,
        "change_message": "[{\"changed\": {\"fields\": [\"Features\"]}}]"
    }
},
{
    "model": "admin.logentry",
    "pk": 27,
    "fields": {
        "action_time": "2022-12-03T12:05:37.664Z",
        "user": [
            "djangoadmin"
        ],
        "content_type": [
            "cars",
            "car"
        ],
        "object_id": "5",
        "object_repr": "Toyota 4Runner",
        "action_flag": 1,
        "change_message": "[{\"added\": {}}]"
    }
},
{
    "model": "admin.logentry",
    "pk": 28,
    "fields": {
        "action_time": "2022-12-03T12:07:55.686Z",
        "user": [
            "djangoadmin"
        ],
        "content_type": [
            "cars",
            "car"
        ],
        "object_id": "6",
        "object_repr": "Toyota Corolla",
        "action_flag": 1,
        "change_message": "[{\"added\": {}}]"
    }
},
{
    "model": "admin.logentry",
    "pk": 29,
    "fields": {
        "action_time": "2022-12-03T12:36:51.915Z",
        "user": [
            "djangoadmin"
        ],
        "content_type": [
            "cars",
            "car"
        ],
        "object_id": "5",
        "object_repr": "Toyota 4Runner",
        "action_flag": 2,
        "change_message": "[{\"changed\": {\"fields\": [\"Is featured\"]}}]"
    }
},
{
    "model": "admin.logentry",
    "pk": 30,
    "fields": {
        "action_time": "2022-12-03T15:50:00.980Z",
        "user": [
            "djangoadmin"
        ],
        "content_type": [
            "cars",
            "car"
        ],
        "object_id": "5",
        "object_repr": "Toyota 4Runner",
        "action_flag": 2,
        "change_message": "[{\"changed\": {\"fields\": [\"Is featured\"]}}]"
    }
},
{
    "model": "admin.logentry",
    "pk": 31,
    "fields": {
        "action_time": "2022-12-03T15:50:00.984Z",
        "user": [
            "djangoadmin"
        ],
        "content_type": [
            "cars",
            "car"
        ],
        "object_id": "3",
        "object_repr": "2017 Ford F-250 Super",
        "action_flag": 2,
        "change_message": "[{\"changed\": {\"fields\": [\"Is featured\"]}}]"
    }
},
{
    "model": "admin.logentry",
    "pk": 32,
    "fields": {
        "action_time": "2022-12-04T11:50:57.010Z",
        "user": [
            "djangoadmin"
        ],
        "content_type": [
            "cars",
            "car"
        ],
        "object_id": "5",
        "object_repr": "Toyota 4Runner",
        "action_flag": 2,
        "change_message": "[{\"changed\": {\"fields\": [\"Is featured\"]}}]"
    }
},
{
    "model": "admin.logentry",
    "pk": 33,
    "fields": {
        "action_time": "2022-12-04T11:50:57.029Z",
        "user": [
            "djangoadmin"
        ],
        "content_type": [
            "cars",
            "car"
        ],
        "object_id": "3",
        "object_repr": "2017 Ford F-250 Super",
        "action_flag": 2,
        "change_message": "[{\"changed\": {\"fields\": [\"Is featured\"]}}]"
    }
},
{
    "model": "admin.logentry",
    "pk": 34,
    "fields": {
        "action_time": "2022-12-04T12:03:15.542Z",
        "user": [
            "djangoadmin"
        ],
        "content_type": [
            "cars",
            "car"
        ],
        "object_id": "5",
        "object_repr": "Toyota 4Runner",
        "action_flag": 2,
        "change_message": "[{\"changed\": {\"fields\": [\"Is featured\"]}}]"
    }
},
{
    "model": "admin.logentry",
    "pk": 35,
    "fields": {
        "action_time": "2022-12-04T12:03:15.546Z",
        "user": [
            "djangoadmin"
        ],
        "content_type": [
            "cars",
            "car"
        ],
        "object_id": "3",
        "object_repr": "2017 Ford F-250 Super",
        "action_flag": 2,
        "change_message": "[{\"changed\": {\"fields\": [\"Is featured\"]}}]"
    }
},
{
    "model": "admin.logentry",
    "pk": 36,
    "fields": {
        "action_time": "2022-12-04T12:03:15.549Z",
        "user": [
            "djangoadmin"
        ],
        "content_type": [
            "cars",
            "car"
        ],
        "object_id": "2",
        "object_repr": "2017 Ford Edge",
        "action_flag": 2,
        "change_message": "[{\"changed\": {\"fields\": [\"Is featured\"]}}]"
    }
},
{
    "model": "admin.logentry",
    "pk": 37,
    "fields": {
        "action_time": "2022-12-04T12:12:12.531Z",
        "user": [
            "djangoadmin"
        ],
        "content_type": [
            "cars",
            "car"
        ],
        "object_id": "4",
        "object_repr": "Jaguar F-PACE",
        "action_flag": 2,
        "change_message": "[{\"changed\": {\"fields\": [\"Car photo 4\"]}}]"
    }
},
{
    "model": "admin.logentry",
    "pk": 38,
    "fields": {
        "action_time": "2022-12-04T12:27:19.501Z",
        "user": [
            "djangoadmin"
        ],
        "content_type": [
            "cars",
            "car"
        ],
        "object_id": "2",
        "object_repr": "2017 Ford Edge",
        "action_flag": 2,
        "change_message": "[{\"changed\": {\"fields\": [\"Is featured\"]}}]"
    }
},
{
    "model": "admin.logentry",
    "pk": 39,
    "fields": {
        "action_time": "2022-12-04T12:28:09.501Z",
        "user": [
            "djangoadmin"
        ],
        "content_type": [
            "cars",
            "car"
        ],
        "object_id": "4",
        "object_repr": "Jaguar F-PACE",
        "action_flag": 2,
        "change_message": "[{\"changed\": {\"fields\": [\"Is featured\"]}}]"
    }
},
{
    "model": "admin.logentry",
    "pk": 40,
    "fields": {
        "action_time": "2022-12-04T12:28:09.507Z",
        "user": [
            "djangoadmin"
        ],
        "content_type": [
            "cars",
            "car"
        ],
        "object_id": "3",
        "object_repr": "2017 Ford F-250 Super",
        "action_flag": 2,
        "change_message": "[{\"changed\": {\"fields\": [\"Is featured\"]}}]"
    }
},
{
    "model": "admin.logentry",
    "pk": 41,
    "fields": {
        "action_time": "2022-12-05T13:44:35.092Z",
        "user": [
            "djangoadmin"
        ],
        "content_type": [
            "cars",
            "car"
        ],
        "object_id": "4",
        "object_repr": "Jaguar F-PACE",
        "action_flag": 2,
        "change_message": "[{\"changed\": {\"fields\": [\"Is featured\"]}}]"
    }
},
{
    "model": "admin.logentry",
    "pk": 42,
    "fields": {
        "action_time": "2022-12-06T09:23:38.010Z",
        "user": [
            "djangoadmin"
        ],
        "content_type": [
            "cars",
            "car"
        ],
        "object_id": "6",
        "object_repr": "Toyota Corolla",
        "action_flag": 2,
        "change_message": "[{\"changed\": {\"fields\": [\"Car photo 4\", \"Features\"]}}]"
    }
},
{
    "model": "admin.logentry",
    "pk": 43,
    "fields": {
        "action_time": "2022-12-06T10:32:47.958Z",
        "user": [
            "djangoadmin"
        ],
        "content_type": [
            "cars",
            "car"
        ],
        "object_id": "6",
        "object_repr": "Toyota Corolla",
        "action_flag": 2,
        "change_message": "[{\"changed\": {\"fields\": [\"Miles\"]}}]"
    }
},
{
    "model": "admin.logentry",
    "pk": 44,
    "fields": {
        "action_time": "2022-12-06T14:26:22.812Z",
        "user": [
            "djangoadmin"
        ],
        "content_type": [
            "cars",
            "car"
        ],
        "object_id": "7",
        "object_repr": "Porsche 718 Boxster",
        "action_flag": 1,
        "change_message": "[{\"added\": {}}]"
    }
},
{
    "model": "admin.logentry",
    "pk": 45,
    "fields": {
        "action_time": "2022-12-06T14:26:40.384Z",
        "user": [
            "djangoadmin"
        ],
        "content_type": [
            "cars",
            "car"
        ],
        "object_id": "7",
        "object_repr": "Porsche 718 Boxster",
        "action_flag": 2,
        "change_message": "[{\"changed\": {\"fields\": [\"Car photo 2\"]}}]"
    }
},
{
    "model": "admin.logentry",
    "pk": 46,
    "fields": {
        "action_time": "2022-12-06T14:27:40.085Z",
        "user": [
            "djangoadmin"
        ],
        "content_type": [
            "cars",
            "car"
        ],
        "object_id": "7",
        "object_repr": "Porsche 718 Boxster",
        "action_flag": 2,
        "change_message": "[{\"changed\": {\"fields\": [\"Car photo 2\"]}}]"
    }
},
{
    "model": "admin.logentry",
    "pk": 47,
    "fields": {
        "action_time": "2022-12-06T14:28:01.718Z",
        "user": [
            "djangoadmin"
        ],
        "content_type": [
            "cars",
            "car"
        ],
        "object_id": "7",
        "object_repr": "Porsche 718 Boxster",
        "action_flag": 2,
        "change_message": "[{\"changed\": {\"fields\": [\"Car photo 2\"]}}]"
    }
},
{
    "model": "admin.logentry",
    "pk": 48,
    "fields": {
        "action_time": "2022-12-06T14:29:40.059Z",
        "user": [
            "djangoadmin"
        ],
        "content_type": [
            "cars",
            "car"
        ],
        "object_id": "7",
        "object_repr": "Porsche 718 Boxster",
        "action_flag": 2,
        "change_message": "[{\"changed\": {\"fields\": [\"Car photo 1\"]}}]"
    }
},
{
    "model": "admin.logentry",
    "pk": 49,
    "fields": {
        "action_time": "2022-12-06T14:29:54.269Z",
        "user": [
            "djangoadmin"
        ],
        "content_type": [
            "cars",
            "car"
        ],
        "object_id": "7",
        "object_repr": "Porsche 718 Boxster",
        "action_flag": 2,
        "change_message": "[]"
    }
},
{
    "model": "admin.logentry",
    "pk": 50,
    "fields": {
        "action_time": "2022-12-06T14:32:29.884Z",
        "user": [
            "djangoadmin"
        ],
        "content_type": [
            "cars",
            "car"
        ],
        "object_id": "8",
        "object_repr": "Mini Cooper S",
        "action_flag": 1,
        "change_message": "[{\"added\": {}}]"
    }
},
{
    "model": "admin.logentry",
    "pk": 51,
    "fields": {
        "action_time": "2022-12-06T14:41:47.486Z",
        "user": [
            "djangoadmin"
        ],
        "content_type": [
            "cars",
            "car"
        ],
        "object_id": "8",
        "object_repr": "Mini Cooper S",
        "action_flag": 2,
        "change_message": "[{\"changed\": {\"fields\": [\"Car photo 2\"]}}]"
    }
},
{
    "model": "admin.logentry",
    "pk": 52,
    "fields": {
        "action_time": "2022-12-06T14:43:44.821Z",
        "user": [
            "djangoadmin"
        ],
        "content_type": [
            "cars",
            "car"
        ],
        "object_id": "7",
        "object_repr": "Porsche 718 Boxster",
        "action_flag": 2,
        "change_message": "[{\"changed\": {\"fields\": [\"Is featured\"]}}]"
    }
},
{
    "model": "admin.logentry",
    "pk": 53,
    "fields": {
        "action_time": "2022-12-06T14:45:09.908Z",
        "user": [
            "djangoadmin"
        ],
        "content_type": [
            "cars",
            "car"
        ],
        "object_id": "8",
        "object_repr": "Mini Cooper S",
        "action_flag": 2,
        "change_message": "[{\"changed\": {\"fields\": [\"Car photo 2\"]}}]"
    }
},
{
    "model": "admin.logentry",
    "pk": 54,
    "fields": {
        "action_time": "2022-12-06T15:11:34.927Z",
        "user": [
            "djangoadmin"
        ],
        "content_type": [
            "cars",
            "car"
        ],
        "object_id": "8",
        "object_repr": "Mini Cooper S",
        "action_flag": 2,
        "change_message": "[{\"changed\": {\"fields\": [\"Car photo 2\"]}}]"
    }
},
{
    "model": "admin.logentry",
    "pk": 55,
    "fields": {
        "action_time": "2022-12-06T15:15:05.634Z",
        "user": [
            "djangoadmin"
        ],
        "content_type": [
            "cars",
            "car"
        ],
        "object_id": "8",
        "object_repr": "Mini Cooper S",
        "action_flag": 2,
        "change_message": "[{\"changed\": {\"fields\": [\"Car photo 2\"]}}]"
    }
},
{
    "model": "admin.logentry",
    "pk": 56,
    "fields": {
        "action_time": "2022-12-06T15:18:34.568Z",
        "user": [
            "djangoadmin"
        ],
        "content_type": [
            "cars",
            "car"
        ],
        "object_id": "8",
        "object_repr": "Mini Cooper S",
        "action_flag": 2,
        "change_message": "[{\"changed\": {\"fields\": [\"Car photo 2\", \"Car photo 3\", \"Car photo 4\"]}}]"
    }
},
{
    "model": "admin.logentry",
    "pk": 57,
    "fields": {
        "action_time": "2022-12-06T15:19:33.059Z",
        "user": [
            "djangoadmin"
        ],
        "content_type": [
            "cars",
            "car"
        ],
        "object_id": "7",
        "object_repr": "Porsche 718 Boxster",
        "action_flag": 2,
        "change_message": "[{\"changed\": {\"fields\": [\"Car photo 1\", \"Car photo 2\", \"Car photo 3\", \"Car photo 4\"]}}]"
    }
},
{
    "model": "admin.logentry",
    "pk": 58,
    "fields": {
        "action_time": "2022-12-10T14:50:29.025Z",
        "user": [
            "djangoadmin"
        ],
        "content_type": [
            "socialaccount",
            "socialapp"
        ],
        "object_id": "1",
        "object_repr": "Facebook login",
        "action_flag": 1,
        "change_message": "[{\"added\": {}}]"
    }
},
{
    "model": "admin.logentry",
    "pk": 59,
    "fields": {
        "action_time": "2022-12-10T14:52:57.503Z",
        "user": [
            "djangoadmin"
        ],
        "content_type": [
            "sites",
            "site"
        ],
        "object_id": "1",
        "object_repr": "localhost:800",
        "action_flag": 2,
        "change_message": "[{\"changed\": {\"fields\": [\"Domain name\", \"Display name\"]}}]"
    }
},
{
    "model": "admin.logentry",
    "pk": 60,
    "fields": {
        "action_time": "2022-12-10T15:11:14.222Z",
        "user": [
            "djangoadmin"
        ],
        "content_type": [
            "sites",
            "site"
        ],
        "object_id": "1",
        "object_repr": "localhost:8000",
        "action_flag": 2,
        "change_message": "[{\"changed\": {\"fields\": [\"Domain name\", \"Display name\"]}}]"
    }
},
{
    "model": "admin.logentry",
    "pk": 61,
    "fields": {
        "action_time": "2022-12-11T12:23:11.468Z",
        "user": [
            "djangoadmin"
        ],
        "content_type": [
            "socialaccount",
            "socialapp"
        ],
        "object_id": "2",
        "object_repr": "Google login",
        "action_flag": 1,
        "change_message": "[{\"added\": {}}]"
    }
}
]
